Date,Open,High,Low,Close,Volume,,,,,
40911.00,325.25,332.83,324.97,663.59,7380500.00,,,,,
40912.00,331.27,333.87,329.08,666.45,5749400.00,,,,,
40913.00,329.83,330.75,326.89,657.21,6590300.00,,,,,
40914.00,328.34,328.77,323.68,648.24,5405900.00,,,,,
40917.00,322.04,322.29,309.46,620.76,11688800.00,,,,,
40918.00,313.70,315.72,307.30,621.43,8824000.00,,,,,
40919.00,310.59,313.52,309.40,624.25,4817800.00,,,,,
40920.00,314.43,315.26,312.08,627.92,3764400.00,,,,,
40921.00,311.96,312.30,309.37,623.28,4631800.00,,,,,
40925.00,314.81,314.81,311.67,626.86,3832800.00,,,,,
40926.00,312.14,315.82,309.90,631.18,5544000.00,,,,,
40927.00,319.30,319.30,314.55,637.82,12657800.00,,,,,
40928.00,294.16,294.40,289.76,584.39,21231800.00,,,,,
40931.00,291.91,293.23,290.49,583.92,6851300.00,,,,,
40932.00,292.07,292.74,287.92,579.34,6134400.00,,,,,
40933.00,287.68,288.27,282.13,567.93,10012700.00,,,,,
40934.00,284.92,286.17,281.22,566.54,6476500.00,,,,,
40935.00,284.32,289.08,283.60,578.39,7262000.00,,,,,
40938.00,287.95,288.92,285.63,576.11,4678400.00,,,,,
40939.00,290.41,290.91,286.50,578.52,4300700.00,,,,,
40940.00,291.38,291.66,288.49,579.24,4658700.00,,,,,
40941.00,291.34,292.11,289.95,583.51,4847400.00,,,,,
40942.00,294.23,297.42,292.93,594.70,6360700.00,,,,,
40945.00,296.39,304.27,295.90,607.42,7386700.00,,,,,
40946.00,302.44,303.56,300.75,605.11,4199700.00,,,,,
40947.00,303.18,304.53,301.24,608.18,3686400.00,,,,,
40948.00,304.87,306.10,303.36,609.79,4546300.00,,,,,
40949.00,302.81,302.93,300.87,604.25,4667700.00,,,,,
40952.00,304.11,305.77,303.87,610.52,3646100.00,,,,,
40953.00,304.63,304.86,301.25,608.09,3620900.00,,,,,
40954.00,305.32,305.32,300.15,603.90,4869900.00,,,,,
40955.00,300.28,303.27,297.75,604.86,5080700.00,,,,,
40956.00,301.36,302.68,300.08,602.98,4916400.00,,,,,
40960.00,300.81,307.79,300.31,612.32,4980100.00,,,,,
40961.00,304.84,307.24,302.22,606.28,3948700.00,,,,,
40962.00,302.37,302.83,299.05,604.45,4125300.00,,,,,
40963.00,302.54,304.68,301.62,608.23,3885600.00,,,,,
40966.00,302.16,305.04,301.40,607.64,3641300.00,,,,,
40967.00,303.86,308.73,302.71,616.70,5716400.00,,,,,
40968.00,308.14,311.63,306.60,616.56,6297200.00,,,,,
40969.00,309.97,311.68,307.92,620.70,4492000.00,,,,,
40970.00,309.84,310.83,309.00,619.55,3158300.00,,,,,
40973.00,309.06,310.08,304.55,612.57,3198400.00,,,,,
40974.00,302.89,303.27,295.81,603.30,6372500.00,,,,,
40975.00,303.39,304.45,301.80,605.14,2538400.00,,,,,
40976.00,303.88,304.61,302.04,605.48,2700900.00,,,,,
40977.00,302.84,304.81,298.88,598.61,5361100.00,,,,,
40980.00,298.88,302.37,298.51,603.49,3350400.00,,,,,
40981.00,303.24,307.77,301.64,616.09,4508300.00,,,,,
40982.00,306.35,310.23,305.58,614.30,5895700.00,,,,,
40983.00,307.15,310.59,306.27,619.43,4888300.00,,,,,
40984.00,309.29,311.79,308.87,623.33,6123800.00,,,,,
40987.00,310.40,317.45,309.46,632.24,4361800.00,,,,,
40988.00,314.28,316.84,312.46,631.76,3092400.00,,,,,
40989.00,316.12,322.49,315.07,638.23,4957600.00,,,,,
40990.00,318.06,323.19,314.32,644.28,4838400.00,,,,,
40991.00,322.09,323.04,319.25,640.83,3894800.00,,,,,
40994.00,321.30,323.53,318.58,647.55,3651900.00,,,,,
40995.00,322.31,325.53,321.20,645.25,4029400.00,,,,,
40996.00,324.80,328.07,324.32,653.96,5096700.00,,,,,
40997.00,325.50,327.07,320.95,646.63,3862900.00,,,,,
40998.00,324.66,325.52,319.30,639.48,4638700.00,,,,,
41001.00,319.19,322.54,316.23,645.15,4585400.00,,,,,
41002.00,321.50,322.77,318.13,640.86,4105000.00,,,,,
41003.00,318.03,318.31,314.37,633.41,3267300.00,,,,,
41004.00,314.94,317.03,313.11,630.59,4654700.00,,,,,
41008.00,313.07,316.48,311.48,629.11,4381600.00,,,,,
41009.00,315.58,316.07,311.11,625.14,4982500.00,,,,,
41010.00,315.80,316.81,314.47,634.22,4414300.00,,,,,
41011.00,319.98,325.35,318.93,649.23,11556300.00,,,,,
41012.00,322.57,323.28,310.61,622.89,16379700.00,,,,,
41015.00,310.34,310.74,299.71,604.41,11426700.00,,,,,
41016.00,303.14,307.69,302.37,607.90,6070400.00,,,,,
41017.00,302.89,305.26,300.28,605.79,5358900.00,,,,,
41018.00,301.71,306.98,298.38,597.66,6613800.00,,,,,
41019.00,301.00,303.29,296.80,594.43,6139700.00,,,,,
41022.00,295.34,298.11,294.00,595.96,4411900.00,,,,,
41023.00,298.00,302.18,297.54,599.62,3872600.00,,,,,
41024.00,300.87,304.53,300.31,608.05,3655800.00,,,,,
41025.00,304.31,307.85,303.71,613.78,4200600.00,,,,,
41026.00,306.36,307.22,304.16,613.30,3284900.00,,,,,
41029.00,305.35,306.89,299.18,603.19,4832600.00,,,,,
41030.00,300.77,304.66,298.97,602.78,4019600.00,,,,,
41031.00,299.48,302.92,299.18,605.60,3235000.00,,,,,
41032.00,303.67,306.27,303.34,609.35,3749900.00,,,,,
41033.00,301.83,302.81,297.29,595.34,4431300.00,,,,,
41036.00,296.39,304.14,296.39,605.89,4003800.00,,,,,
41037.00,301.63,307.30,299.23,611.11,5374600.00,,,,,
41038.00,302.28,307.04,299.78,607.48,4675000.00,,,,,
41039.00,305.34,306.94,303.98,611.98,3083200.00,,,,,
41040.00,304.04,306.13,301.26,603.57,4214400.00,,,,,
41043.00,299.27,303.11,299.17,602.35,3662400.00,,,,,
41044.00,301.54,306.35,300.75,609.44,4219900.00,,,,,
41045.00,307.83,313.87,306.82,627.21,9706300.00,,,,,
41046.00,315.73,317.73,309.46,621.34,6732700.00,,,,,
41047.00,311.38,315.03,297.24,598.76,11991700.00,,,,,
41050.00,299.13,306.70,298.88,612.43,6173800.00,,,,,
41051.00,305.57,305.76,296.89,599.16,6126600.00,,,,,
41052.00,299.70,303.66,297.45,607.79,6379900.00,,,,,
41053.00,303.44,304.82,298.32,602.01,3796600.00,,,,,
41054.00,299.38,299.74,293.04,589.91,7190500.00,,,,,
41058.00,296.79,298.45,293.06,592.71,5230900.00,,,,,
41059.00,292.98,294.84,290.68,586.62,3827600.00,,,,,
41060.00,293.26,293.90,288.42,579.27,5958800.00,,,,,
41061.00,284.83,285.26,283.11,569.42,6138700.00,,,,,
41064.00,284.05,289.16,283.94,577.01,4883500.00,,,,,
41065.00,286.65,287.99,282.18,568.85,4697200.00,,,,,
41066.00,287.16,289.90,285.73,578.98,4207200.00,,,,,
41067.00,292.70,292.85,287.55,576.65,3530100.00,,,,,
41068.00,286.85,289.42,286.22,578.86,2831300.00,,,,,
41071.00,291.01,291.57,282.29,566.94,5342100.00,,,,,
41072.00,283.82,284.09,278.25,563.55,6472500.00,,,,,
41073.00,279.81,282.44,278.30,559.55,3923000.00,,,,,
41074.00,279.60,281.48,277.22,557.52,4707200.00,,,,,
41075.00,279.12,281.21,277.50,562.96,6024800.00,,,,,
41078.00,280.26,286.03,278.58,569.29,5012400.00,,,,,
41079.00,285.72,291.05,285.49,579.94,4167900.00,,,,,
41080.00,288.82,288.92,285.68,575.93,4710800.00,,,,,
41081.00,288.84,288.84,280.81,563.66,4037600.00,,,,,
41082.00,282.94,284.67,281.85,569.92,4472400.00,,,,,
41085.00,282.61,282.98,277.63,559.16,3174900.00,,,,,
41086.00,280.33,282.24,278.70,563.13,2710500.00,,,,,
41087.00,282.79,285.92,281.95,567.74,3397200.00,,,,,
41088.00,281.89,282.06,277.56,562.76,3856100.00,,,,,
41089.00,286.41,288.98,285.03,578.48,5057800.00,,,,,
41092.00,289.82,290.41,287.17,578.88,3323300.00,,,,,
41093.00,288.92,293.11,287.92,586.22,2387800.00,,,,,
41095.00,293.28,298.91,293.17,594.29,4709200.00,,,,,
41096.00,295.12,295.65,290.32,584.38,4339700.00,,,,,
41099.00,291.38,293.20,289.54,584.41,3443000.00,,,,,
41100.00,293.99,295.11,288.29,580.11,3860500.00,,,,,
41101.00,287.07,287.85,281.42,569.63,7024700.00,,,,,
41102.00,282.50,284.90,280.00,568.92,4636800.00,,,,,
41103.00,285.01,288.49,283.21,574.94,3966700.00,,,,,
41106.00,287.11,288.51,284.82,573.35,2936100.00,,,,,
41107.00,288.14,289.25,283.14,575.15,3372700.00,,,,,
41108.00,287.41,290.76,286.99,579.17,3107900.00,,,,,
41109.00,291.98,298.12,291.91,591.44,9384300.00,,,,,
41110.00,303.24,305.33,297.97,609.15,12975800.00,,,,,
41113.00,299.12,308.02,298.01,613.82,7150000.00,,,,,
41114.00,306.35,307.81,301.04,605.91,4033800.00,,,,,
41115.00,303.02,305.54,301.55,606.33,3659600.00,,,,,
41116.00,306.35,307.28,303.88,611.68,3382900.00,,,,,
41117.00,308.29,316.31,307.60,633.22,7125900.00,,,,,
41120.00,316.84,320.10,313.57,630.57,4389700.00,,,,,
41121.00,312.96,317.06,312.94,631.24,3745100.00,,,,,
41122.00,317.46,318.56,314.51,630.95,3702900.00,,,,,
41123.00,311.59,317.82,310.54,627.03,3970100.00,,,,,
41124.00,318.81,320.66,316.88,639.57,3808300.00,,,,,
41127.00,318.61,323.48,318.42,641.06,3578000.00,,,,,
41128.00,319.70,320.93,317.05,638.79,3978300.00,,,,,
41129.00,318.33,321.73,318.06,640.47,2654200.00,,,,,
41130.00,321.05,321.98,319.56,640.59,2148500.00,,,,,
41131.00,318.10,319.92,316.88,640.24,2879800.00,,,,,
41134.00,322.50,328.84,322.13,658.20,6560200.00,,,,,
41135.00,328.39,335.17,328.27,666.83,7350800.00,,,,,
41136.00,333.89,335.87,330.81,665.71,4839400.00,,,,,
41137.00,332.51,336.06,332.29,671.03,3448200.00,,,,,
41138.00,335.80,337.36,334.60,675.29,4371600.00,,,,,
41141.00,336.49,338.17,335.07,673.69,3529300.00,,,,,
41142.00,335.30,337.73,329.85,667.68,4461000.00,,,,,
41143.00,332.44,339.03,332.11,675.33,3832600.00,,,,,
41144.00,335.88,338.97,334.25,674.95,3581700.00,,,,,
41145.00,336.54,338.95,335.78,676.77,2863800.00,,,,,
41148.00,330.26,334.75,328.39,667.39,5246900.00,,,,,
41149.00,331.26,337.54,331.13,675.40,4132600.00,,,,,
41150.00,337.42,343.21,336.81,686.13,6002900.00,,,,,
41151.00,340.84,342.41,338.82,679.81,3265900.00,,,,,
41152.00,340.72,343.00,338.75,683.21,4270000.00,,,,,
41156.00,341.00,341.22,335.49,679.18,3793200.00,,,,,
41157.00,338.73,341.97,338.30,678.86,3429100.00,,,,,
41158.00,341.70,348.64,341.09,697.49,6109700.00,,,,,
41159.00,348.69,354.80,347.53,704.22,6490100.00,,,,,
41162.00,353.55,355.07,347.89,698.85,5139100.00,,,,,
41163.00,347.68,349.02,344.21,690.29,3761500.00,,,,,
41164.00,343.42,346.16,339.17,688.99,5304300.00,,,,,
41165.00,345.25,353.18,343.98,704.11,5337900.00,,,,,
41166.00,353.48,355.17,352.18,707.74,5256500.00,,,,,
41169.00,352.73,355.11,351.18,708.04,3027800.00,,,,,
41170.00,352.57,357.99,352.07,716.31,4149000.00,,,,,
41171.00,357.41,362.92,356.87,725.51,6219700.00,,,,,
41172.00,360.88,364.32,359.26,726.13,5836500.00,,,,,
41173.00,364.74,366.09,363.70,731.98,12765800.00,,,,,
41176.00,364.14,373.62,363.76,747.33,7154200.00,,,,,
41177.00,375.12,381.02,372.43,747.11,12162400.00,,,,,
41178.00,373.52,379.20,369.12,751.40,11388200.00,,,,,
41179.00,378.56,380.00,374.42,754.43,7891600.00,,,,,
41180.00,375.67,378.23,374.17,752.43,5587700.00,,,,,
41183.00,378.11,381.07,376.69,759.69,6359700.00,,,,,
41184.00,381.17,381.56,373.73,754.92,5601200.00,,,,,
41185.00,376.45,380.53,374.70,760.41,4433100.00,,,,,
41186.00,379.95,383.51,378.28,765.95,4926700.00,,,,,
41187.00,383.92,385.74,381.08,765.55,5492200.00,,,,,
41190.00,379.08,380.36,375.67,755.77,3931800.00,,,,,
41191.00,378.42,379.24,369.88,742.05,6028900.00,,,,,
41192.00,369.54,372.37,367.77,742.52,4095000.00,,,,,
41193.00,375.04,377.83,373.74,749.42,4785600.00,,,,,
41194.00,374.52,376.03,370.66,742.71,4826400.00,,,,,
41197.00,369.58,370.53,363.99,738.95,6060700.00,,,,,
41198.00,368.68,372.10,366.85,742.66,4131800.00,,,,,
41199.00,370.59,376.76,368.75,753.42,4602900.00,,,,,
41200.00,376.36,378.29,336.74,693.10,24977900.00,,,,,
41201.00,351.47,352.03,334.75,679.92,23050400.00,,,,,
41204.00,339.23,341.04,333.60,676.81,8141500.00,,,,,
41205.00,334.75,342.38,334.75,678.49,5855000.00,,,,,
41206.00,342.12,342.22,336.37,675.45,5011600.00,,,,,
41207.00,338.73,339.73,335.50,675.90,4820100.00,,,,,
41208.00,336.99,340.24,334.35,673.30,3916200.00,,,,,
41213.00,338.66,339.23,336.24,678.44,3085400.00,,,,,
41214.00,338.48,344.16,338.09,685.71,4115500.00,,,,,
41215.00,346.10,346.48,342.40,686.04,4666100.00,,,,,
41218.00,340.97,342.15,336.52,681.09,3283900.00,,,,,
41219.00,341.46,341.97,337.51,679.85,3177300.00,,,,,
41220.00,336.24,337.85,332.00,665.29,4481200.00,,,,,
41221.00,333.85,334.49,324.40,650.50,5213300.00,,,,,
41222.00,326.10,332.92,323.94,661.21,6251500.00,,,,,
41225.00,330.64,333.65,329.20,664.08,2822300.00,,,,,
41226.00,330.26,332.55,327.89,657.25,3200200.00,,,,,
41227.00,329.10,329.85,324.04,650.76,3349200.00,,,,,
41228.00,323.79,328.77,320.75,645.49,3711500.00,,,,,
41229.00,321.79,325.29,316.81,645.41,6902000.00,,,,,
41232.00,326.63,333.21,326.54,666.38,4754100.00,,,,,
41233.00,333.50,337.73,331.04,668.14,4192900.00,,,,,
41234.00,333.25,333.65,328.97,664.05,4240200.00,,,,,
41236.00,333.73,333.75,331.81,666.14,1851800.00,,,,,
41239.00,331.98,332.25,328.28,659.34,4425700.00,,,,,
41240.00,328.85,336.24,327.77,668.87,5036100.00,,,,,
41241.00,332.76,341.18,330.71,681.80,6106700.00,,,,,
41242.00,342.61,345.65,339.73,690.00,5573700.00,,,,,
41243.00,344.36,348.30,341.56,696.46,6350800.00,,,,,
41246.00,349.81,351.63,345.76,693.35,4401300.00,,,,,
41247.00,346.20,346.46,341.57,689.14,3998200.00,,,,,
41248.00,344.78,345.95,339.89,685.94,3738700.00,,,,,
41249.00,342.51,346.51,340.98,689.24,2935500.00,,,,,
41250.00,346.20,347.14,339.94,682.34,3852900.00,,,,,
41253.00,341.42,344.53,340.62,683.54,2743600.00,,,,,
41254.00,343.71,349.65,342.58,694.97,5395200.00,,,,,
41255.00,348.31,350.44,345.45,695.65,4870100.00,,,,,
41256.00,356.62,356.90,348.47,700.78,6915500.00,,,,,
41257.00,348.28,352.59,347.91,700.04,4276100.00,,,,,
41260.00,351.43,359.61,350.70,718.81,6093400.00,,,,,
41261.00,356.96,363.19,356.19,719.10,6032300.00,,,,,
41262.00,359.01,360.15,357.00,718.14,3851500.00,,,,,
41263.00,360.28,360.97,357.15,720.38,3326400.00,,,,,
41264.00,355.65,358.07,353.93,713.67,7078300.00,,,,,
41267.00,355.92,356.25,352.41,707.56,1688000.00,,,,,
41269.00,352.71,355.11,349.89,706.93,2373500.00,,,,,
41270.00,352.25,353.10,348.00,704.36,3307000.00,,,,,
41271.00,349.53,352.14,348.70,698.09,2814500.00,,,,,
41274.00,348.69,353.96,346.70,705.44,4009600.00,,,,,
41276.00,358.37,362.14,356.94,721.27,5101500.00,,,,,
41277.00,361.11,364.60,359.01,721.69,4653700.00,,,,,
41278.00,363.31,369.35,362.48,735.95,5547600.00,,,,,
41281.00,366.35,368.31,363.93,732.74,3323800.00,,,,,
41282.00,366.40,366.78,360.86,731.29,3364700.00,,,,,
41283.00,364.77,367.80,362.94,736.10,4064500.00,,,,,
41284.00,370.03,371.11,365.38,739.45,3685000.00,,,,,
41285.00,369.61,369.83,366.78,737.96,2579900.00,,,,,
41288.00,367.12,369.71,359.83,721.27,5749200.00,,,,,
41289.00,358.32,366.13,354.72,722.95,7884700.00,,,,,
41290.00,359.85,360.82,355.50,713.23,4061900.00,,,,,
41291.00,357.51,358.48,354.18,709.37,4439500.00,,,,,
41292.00,353.85,355.05,349.36,702.58,6477700.00,,,,,
41296.00,351.01,351.35,346.46,700.95,7613100.00,,,,,
41297.00,366.62,373.10,366.52,739.47,11862400.00,,,,,
41298.00,369.24,377.00,368.87,752.15,6790600.00,,,,,
41299.00,373.98,377.82,373.72,751.61,4468400.00,,,,,
41302.00,374.48,376.39,372.55,748.67,3266300.00,,,,,
41303.00,371.98,377.06,371.88,751.62,3507200.00,,,,,
41304.00,375.46,379.05,375.05,751.77,3478900.00,,,,,
41305.00,373.85,377.40,373.72,753.62,3280500.00,,,,,
41306.00,377.68,386.85,377.63,773.48,7520100.00,,,,,
41309.00,382.41,383.80,377.72,756.94,6103700.00,,,,,
41310.00,379.14,384.12,378.32,763.64,3755300.00,,,,,
41311.00,378.12,385.04,377.83,768.06,4171700.00,,,,,
41312.00,383.41,387.95,381.32,771.83,5701600.00,,,,,
41313.00,388.61,391.87,388.32,783.22,6062700.00,,,,,
41316.00,387.75,390.04,385.43,780.28,4351800.00,,,,,
41317.00,389.42,392.48,388.23,778.56,3731900.00,,,,,
41318.00,388.61,391.21,388.53,780.72,2405200.00,,,,,
41319.00,388.41,392.90,387.43,785.66,3483500.00,,,,,
41320.00,392.23,395.15,392.07,790.72,5480000.00,,,,,
41324.00,396.51,401.99,396.16,804.64,5885500.00,,,,,
41325.00,401.15,402.97,394.42,790.29,5549000.00,,,,,
41326.00,397.51,401.22,394.13,793.35,7039000.00,,,,,
41327.00,398.14,399.13,395.42,797.52,4123100.00,,,,,
41330.00,399.65,402.70,393.77,788.60,4625000.00,,,,,
41331.00,396.02,396.49,390.74,787.97,4421500.00,,,,,
41332.00,395.92,400.87,394.08,797.59,4067300.00,,,,,
41333.00,399.05,401.99,399.02,799.01,4548500.00,,,,,
41334.00,397.41,402.06,396.59,803.98,4367000.00,,,,,
41337.00,401.15,409.88,401.00,819.25,5571900.00,,,,,
41338.00,412.92,418.51,412.90,836.30,8118400.00,,,,,
41339.00,418.94,420.42,412.86,829.10,5767400.00,,,,,
41340.00,415.47,416.75,413.24,830.32,4120700.00,,,,,
41341.00,415.69,415.90,410.98,829.24,5845600.00,,,,,
41344.00,414.29,418.28,414.20,832.53,3201200.00,,,,,
41345.00,413.80,414.39,410.30,825.34,4031600.00,,,,,
41346.00,412.40,413.79,409.62,823.05,3294800.00,,,,,
41347.00,411.95,411.95,407.17,819.29,3314700.00,,,,,
41348.00,407.72,408.62,405.15,812.07,6222500.00,,,,,
41351.00,401.00,404.86,399.24,805.58,3690300.00,,,,,
41352.00,404.11,408.10,401.72,809.10,4212000.00,,,,,
41353.00,406.89,407.23,404.20,812.48,2938500.00,,,,,
41354.00,404.13,406.93,403.41,809.04,2966200.00,,,,,
41355.00,405.85,406.10,403.31,808.09,2987400.00,,,,,
41358.00,404.69,408.09,401.90,807.42,3436800.00,,,,,
41359.00,405.23,405.48,402.39,810.20,2392600.00,,,,,
41360.00,401.83,401.99,399.17,800.46,4342500.00,,,,,
41361.00,400.49,401.18,395.17,792.02,4592600.00,,,,,
41365.00,396.02,399.63,395.14,799.00,3628100.00,,,,,
41366.00,400.77,405.89,400.50,810.81,4098200.00,,,,,
41367.00,405.21,405.58,398.84,803.99,3489900.00,,,,,
41368.00,400.62,401.37,394.17,792.89,4913400.00,,,,,
41369.00,391.56,392.03,386.75,780.91,6893400.00,,,,,
41372.00,387.92,388.32,382.77,772.73,5685300.00,,,,,
41373.00,386.30,390.41,385.11,775.52,4330700.00,,,,,
41374.00,390.00,394.70,386.55,788.02,3971900.00,,,,,
41375.00,394.96,395.07,390.57,788.23,4072500.00,,,,,
41376.00,394.52,394.57,390.00,787.89,3285500.00,,,,,
41379.00,391.51,397.01,387.06,779.79,4924500.00,,,,,
41380.00,391.83,396.51,390.50,791.20,3496900.00,,,,,
41381.00,391.91,393.94,387.60,780.42,4089100.00,,,,,
41382.00,391.21,391.43,379.21,763.81,6669800.00,,,,,
41383.00,383.14,400.22,381.70,797.68,11649800.00,,,,,
41386.00,398.81,400.48,386.05,797.92,5788300.00,,,,,
41387.00,399.00,406.23,398.69,805.69,4601600.00,,,,,
41388.00,402.55,407.47,402.49,811.22,3671800.00,,,,,
41389.00,406.60,406.71,402.31,806.88,3999200.00,,,,,
41390.00,402.29,402.36,396.80,799.23,4993900.00,,,,,
41393.00,400.13,409.81,400.00,816.82,4618800.00,,,,,
41394.00,407.97,412.27,407.31,822.31,4630600.00,,,,,
41395.00,410.09,410.82,406.66,818.18,2920800.00,,,,,
41396.00,408.52,415.72,408.00,827.34,4051600.00,,,,,
41397.00,416.92,421.82,416.44,843.40,5044000.00,,,,,
41400.00,422.55,429.32,422.55,859.19,4298500.00,,,,,
41401.00,429.89,430.32,423.75,854.88,3932600.00,,,,,
41402.00,426.90,435.31,424.86,871.24,4955000.00,,,,,
41403.00,433.79,438.19,432.49,869.09,4417600.00,,,,,
41404.00,436.02,438.63,434.45,877.82,3809500.00,,,,,
41407.00,437.80,439.59,435.06,875.13,2907700.00,,,,,
41408.00,437.11,442.69,436.93,884.67,3170300.00,,,,,
41409.00,446.08,456.48,445.34,913.38,8001600.00,,,,,
41410.00,457.78,458.27,449.32,901.40,6443200.00,,,,,
41411.00,453.31,455.04,448.58,906.69,5604800.00,,,,,
41414.00,450.81,458.58,450.81,906.04,4562300.00,,,,,
41415.00,452.31,454.13,447.13,904.49,3980700.00,,,,,
41416.00,449.59,452.96,441.78,886.98,5140300.00,,,,,
41417.00,436.86,443.32,435.37,880.37,4567200.00,,,,,
41418.00,436.00,437.77,433.88,870.93,4610700.00,,,,,
41422.00,440.10,444.40,438.56,878.86,4531900.00,,,,,
41423.00,436.22,437.36,430.53,865.93,4041800.00,,,,,
41424.00,433.34,437.81,431.59,868.38,4257200.00,,,,,
41425.00,432.44,436.86,432.14,868.83,3953500.00,,,,,
41428.00,434.87,435.35,425.91,865.25,4969900.00,,,,,
41429.00,432.30,433.67,425.44,856.75,3751100.00,,,,,
41430.00,429.64,433.10,426.96,857.35,4229300.00,,,,,
41431.00,430.54,431.55,422.03,862.27,5177400.00,,,,,
41432.00,433.58,438.36,431.04,877.32,5369200.00,,,,,
41435.00,439.40,443.84,438.40,887.78,4693000.00,,,,,
41436.00,440.33,441.84,438.12,877.40,3528300.00,,,,,
41437.00,441.08,441.35,433.20,869.59,4426100.00,,,,,
41438.00,432.87,438.19,431.13,874.60,4155200.00,,,,,
41439.00,438.41,440.70,435.43,872.64,4506700.00,,,,,
41442.00,437.97,443.05,437.50,883.82,4308500.00,,,,,
41443.00,442.67,448.82,442.52,898.15,4350000.00,,,,,
41444.00,449.00,453.72,447.07,898.21,5853600.00,,,,,
41445.00,445.33,448.82,440.01,882.32,6769200.00,,,,,
41446.00,442.51,443.28,434.90,878.52,7994300.00,,,,,
41449.00,434.31,436.52,430.01,867.41,6056300.00,,,,,
41450.00,436.99,438.20,430.64,863.83,5125500.00,,,,,
41451.00,435.24,437.36,433.66,871.26,3676400.00,,,,,
41452.00,437.76,440.69,436.69,874.67,3867300.00,,,,,
41453.00,435.82,439.27,435.46,877.96,4716100.00,,,,,
41456.00,441.57,444.37,440.85,885.45,3462400.00,,,,,
41457.00,443.44,443.84,437.00,879.89,3797000.00,,,,,
41458.00,438.31,442.92,437.61,884.00,2101700.00,,,,,
41460.00,443.34,446.03,442.01,891.04,3416500.00,,,,,
41463.00,447.93,451.44,446.87,902.61,3953700.00,,,,,
41464.00,453.80,454.77,447.31,902.76,3973500.00,,,,,
41465.00,450.04,453.87,448.51,903.51,3429500.00,,,,,
41466.00,454.80,458.69,452.56,917.72,5187700.00,,,,,
41467.00,458.28,459.78,455.91,920.47,5155600.00,,,,,
41470.00,460.42,462.27,456.47,922.16,3935600.00,,,,,
41471.00,461.83,462.25,455.24,917.09,3980700.00,,,,,
41472.00,458.78,461.70,456.44,916.04,3023400.00,,,,,
41473.00,457.78,458.28,449.91,908.19,7296100.00,,,,,
41474.00,441.65,449.79,436.17,894.15,14773700.00,,,,,
41477.00,449.32,454.63,446.83,908.21,5828100.00,,,,,
41478.00,453.65,454.80,448.11,901.33,4106600.00,,,,,
41479.00,451.94,453.45,448.67,900.43,4172500.00,,,,,
41480.00,445.27,446.75,441.39,885.27,6024600.00,,,,,
41481.00,441.84,443.33,439.35,882.93,3568600.00,,,,,
41484.00,440.80,445.74,438.80,879.85,3797800.00,,,,,
41485.00,441.08,446.13,438.79,888.48,3524300.00,,,,,
41486.00,444.83,446.58,441.44,885.32,4363200.00,,,,,
41487.00,445.83,450.59,445.83,901.74,4292700.00,,,,,
41488.00,450.03,451.81,448.73,904.09,3440600.00,,,,,
41491.00,451.00,451.07,447.92,902.52,2629100.00,,,,,
41492.00,450.66,453.16,446.19,894.12,3023400.00,,,,,
41493.00,445.85,447.55,442.88,888.21,2768600.00,,,,,
41494.00,446.07,446.25,440.99,890.22,2987000.00,,,,,
41495.00,443.62,446.09,443.34,887.97,2657200.00,,,,,
41498.00,441.79,441.84,439.18,883.09,2764200.00,,,,,
41499.00,441.76,442.59,436.46,878.84,2850200.00,,,,,
41500.00,437.54,438.47,431.96,867.43,4179900.00,,,,,
41501.00,430.61,430.85,427.40,857.31,3752300.00,,,,,
41502.00,429.03,429.61,426.67,854.56,3362700.00,,,,,
41505.00,427.25,434.37,427.12,863.28,3635300.00,,,,,
41506.00,432.55,434.43,430.16,863.05,2475100.00,,,,,
41507.00,433.70,436.82,431.63,866.95,3527700.00,,,,,
41508.00,434.72,435.74,433.50,871.32,1746200.00,,,,,
41509.00,437.28,437.36,433.25,867.83,2162200.00,,,,,
41512.00,433.38,435.82,431.41,864.02,2112800.00,,,,,
41513.00,428.20,430.25,422.37,847.82,3481100.00,,,,,
41514.00,423.54,426.11,422.30,846.23,2669700.00,,,,,
41515.00,422.95,428.58,422.71,853.09,2968000.00,,,,,
41516.00,426.28,427.42,421.20,844.58,3737100.00,,,,,
41520.00,425.58,431.48,425.38,858.02,4110400.00,,,,,
41521.00,428.57,435.12,425.99,869.24,4097600.00,,,,,
41522.00,435.12,438.30,434.18,877.15,2592100.00,,,,,
41523.00,439.57,440.24,435.24,877.17,3134800.00,,,,,
41526.00,440.21,443.21,439.56,885.62,2478300.00,,,,,
41527.00,443.35,444.33,440.35,886.24,2584700.00,,,,,
41528.00,442.61,446.81,441.39,893.74,3233200.00,,,,,
41529.00,447.02,447.27,443.34,890.61,2199100.00,,,,,
41530.00,445.58,446.17,440.77,886.64,2660600.00,,,,,
41533.00,446.43,446.83,440.78,885.33,2682900.00,,,,,
41534.00,442.05,442.54,438.86,883.68,2528200.00,,,,,
41535.00,441.52,450.30,439.89,900.85,3883800.00,,,,,
41536.00,451.30,451.30,446.03,895.93,3207600.00,,,,,
41537.00,447.52,450.38,446.14,900.64,8723000.00,,,,,
41540.00,446.40,449.11,440.95,884.07,3568000.00,,,,,
41541.00,441.59,443.39,439.05,884.41,2984600.00,,,,,
41542.00,441.62,441.62,436.17,874.83,3310200.00,,,,,
41543.00,437.51,439.73,435.87,875.77,2529200.00,,,,,
41544.00,435.78,437.12,434.03,873.99,2527000.00,,,,,
41547.00,432.92,438.78,432.53,873.51,3457600.00,,,,,
41548.00,438.48,442.18,438.38,884.57,3382100.00,,,,,
41549.00,439.72,443.02,437.27,885.56,3001700.00,,,,,
41550.00,442.34,445.38,434.42,873.69,4249800.00,,,,,
41551.00,435.87,437.12,433.38,869.96,2726100.00,,,,,
41554.00,432.11,435.36,430.44,863.37,2596800.00,,,,,
41555.00,431.04,431.37,424.22,851.33,3901800.00,,,,,
41556.00,426.54,429.71,419.92,853.52,5322400.00,,,,,
41557.00,430.31,432.79,428.50,865.86,4527400.00,,,,,
41558.00,431.40,435.11,431.03,869.60,2828300.00,,,,,
41561.00,431.71,436.49,431.08,873.71,2496400.00,,,,,
41562.00,436.24,441.16,435.37,879.60,3195600.00,,,,,
41563.00,441.28,447.49,440.35,895.57,4030200.00,,,,,
41564.00,444.83,446.78,441.21,886.36,8545000.00,,,,,
41565.00,486.47,505.83,485.18,1008.64,23219400.00,,,,,
41568.00,503.84,507.60,497.91,1000.55,7283700.00,,,,,
41569.00,500.62,504.61,496.04,1004.24,4433700.00,,,,,
41570.00,498.63,515.44,498.45,1028.59,5346300.00,,,,,
41571.00,514.01,518.34,510.49,1022.74,4199700.00,,,,,
41572.00,512.49,512.49,503.48,1012.42,4076100.00,,,,,
41575.00,505.70,509.80,504.60,1012.22,2326000.00,,,,,
41576.00,507.65,516.53,504.86,1033.40,3222000.00,,,,,
41577.00,516.78,516.82,511.08,1027.60,2658000.00,,,,,
41578.00,512.54,518.82,510.07,1027.76,3292200.00,,,,,
41579.00,513.97,516.07,510.64,1024.23,2576100.00,,,,,
41582.00,513.82,514.26,509.11,1023.30,2286000.00,,,,,
41583.00,508.27,513.90,506.81,1018.72,2371500.00,,,,,
41584.00,510.89,511.58,505.79,1019.95,1832600.00,,,,,
41585.00,509.40,510.05,501.94,1005.19,3371700.00,,,,,
41586.00,502.49,507.35,502.37,1013.25,2591100.00,,,,,
41589.00,502.87,506.07,502.12,1007.82,2233500.00,,,,,
41590.00,501.97,506.88,500.62,1009.01,2445200.00,,,,,
41591.00,501.50,514.50,501.37,1029.64,3170500.00,,,,,
41592.00,515.03,517.93,513.25,1032.40,2342100.00,,,,,
41593.00,515.50,517.06,513.23,1030.73,2562100.00,,,,,
41596.00,515.94,522.41,512.70,1028.73,3532500.00,,,,,
41597.00,513.93,515.44,509.61,1022.39,2271600.00,,,,,
41598.00,513.05,514.75,508.27,1019.51,1934500.00,,,,,
41599.00,511.58,517.22,511.08,1031.24,2191700.00,,,,,
41600.00,514.78,516.15,512.69,1029.06,2517700.00,,,,,
41603.00,516.64,524.63,515.58,1043.07,3238000.00,,,,,
41604.00,522.34,528.77,519.52,1055.51,4589600.00,,,,,
41605.00,529.03,532.01,528.02,1060.20,2255500.00,,,,,
41607.00,529.10,531.32,527.75,1056.69,2394400.00,,,,,
41610.00,529.77,531.18,523.42,1051.59,2756600.00,,,,,
41611.00,523.51,529.73,522.55,1050.38,3364700.00,,,,,
41612.00,523.72,530.00,523.04,1055.28,2392000.00,,,,,
41613.00,526.63,527.85,523.58,1054.45,2275800.00,,,,,
41614.00,532.90,533.00,528.06,1066.94,2868200.00,,,,,
41617.00,533.50,539.13,532.02,1075.19,2976200.00,,,,,
41618.00,536.07,544.12,535.82,1081.69,3721600.00,,,,,
41619.00,541.67,543.62,535.58,1074.34,3436400.00,,,,,
41620.00,537.77,539.45,532.50,1067.03,3204800.00,,,,,
41621.00,535.69,536.14,526.97,1057.89,4340900.00,,,,,
41624.00,530.01,535.34,529.02,1070.04,3216000.00,,,,,
41625.00,534.41,538.36,532.20,1066.93,3082800.00,,,,,
41626.00,533.92,540.45,527.54,1081.78,4437100.00,,,,,
41627.00,538.37,543.96,537.53,1083.25,3343800.00,,,,,
41628.00,542.12,548.53,541.97,1097.61,6547600.00,,,,,
41631.00,551.85,555.82,550.50,1112.05,3456000.00,,,,,
41632.00,555.40,555.54,551.98,1108.80,1473800.00,,,,,
41634.00,554.92,557.41,552.27,1114.40,2685500.00,,,,,
41635.00,557.91,558.05,554.39,1115.34,3151100.00,,,,,
41638.00,558.08,558.16,552.44,1106.42,2481300.00,,,,,
41639.00,554.04,558.41,551.06,1117.64,2725900.00,,,,,
41641.00,555.65,556.79,552.06,1110.07,3656400.00,,,,,
41642.00,555.42,556.38,550.40,1101.97,3345800.00,,,,,
41645.00,554.43,557.34,551.15,1114.26,3551800.00,,,,,
41646.00,560.40,567.72,558.49,1135.74,5124300.00,,,,,
41647.00,570.86,571.52,564.53,1138.11,4501700.00,,,,,
41648.00,569.59,569.97,560.68,1127.15,4184500.00,,,,,
41649.00,567.41,567.41,559.03,1127.09,4302900.00,,,,,
41652.00,561.13,571.31,556.50,1119.91,4855800.00,,,,,
41653.00,566.85,573.35,561.94,1146.25,4983700.00,,,,,
41654.00,574.34,575.34,569.76,1145.48,3915000.00,,,,,
41655.00,572.40,576.80,571.86,1153.05,3380300.00,,,,,
41656.00,576.27,578.15,569.96,1147.38,5422800.00,,,,,
41660.00,578.30,579.83,573.50,1160.51,3974500.00,,,,,
41661.00,581.13,581.76,577.27,1161.83,3154500.00,,,,,
41662.00,577.83,579.07,575.03,1156.92,3912700.00,,,,,
41663.00,573.36,574.62,559.40,1120.75,7814000.00,,,,,
41666.00,560.95,561.15,539.11,1098.21,8739800.00,,,,,
41667.00,553.09,560.77,552.90,1119.94,4436900.00,,,,,
41668.00,557.47,558.78,547.66,1103.89,4777500.00,,,,,
41669.00,570.36,574.09,561.52,1132.28,10220800.00,,,,,
41670.00,583.49,591.05,573.42,1177.74,11174200.00,,,,,
41673.00,587.40,588.65,563.89,1130.33,9172400.00,,,,,
41674.00,566.87,575.34,566.38,1135.04,5644800.00,,,,,
41675.00,569.56,573.24,561.90,1140.07,4806800.00,,,,,
41676.00,573.42,577.91,571.63,1156.78,3907600.00,,,,,
41677.00,581.63,586.75,578.11,1174.22,5292000.00,,,,,
41680.00,583.71,588.99,582.33,1169.72,3904800.00,,,,,
41681.00,587.88,593.71,583.92,1186.92,4116900.00,,,,,
41682.00,592.28,592.78,588.48,1183.44,3461800.00,,,,,
41683.00,588.17,597.71,587.63,1196.61,3686400.00,,,,,
41684.00,595.57,599.95,594.17,1199.51,4389700.00,,,,,
41688.00,598.46,604.17,597.76,1207.56,4233500.00,,,,,
41689.00,600.40,602.35,596.51,1199.05,4222900.00,,,,,
41690.00,599.32,601.19,597.87,1200.81,3414300.00,,,,,
41691.00,601.65,602.68,599.17,1200.49,3738500.00,,,,,
41694.00,600.43,607.80,600.30,1209.19,3361100.00,,,,,
41695.00,605.70,609.96,602.95,1216.66,2888100.00,,,,,
41696.00,609.71,612.15,604.61,1216.83,3979100.00,,,,,
41697.00,606.92,609.83,606.23,1215.87,2529400.00,,,,,
41698.00,607.89,609.81,600.86,1212.32,4644500.00,,,,,
41701.00,601.12,601.66,593.84,1199.40,4225300.00,,,,,
41702.00,605.23,605.73,602.49,1211.58,2946300.00,,,,,
41703.00,605.26,609.26,603.44,1214.92,2479700.00,,,,,
41704.00,608.86,610.79,607.02,1216.27,2545600.00,,,,,
41705.00,611.11,611.20,603.46,1211.46,3041500.00,,,,,
41708.00,605.58,606.55,599.80,1208.25,2438200.00,,,,,
41709.00,604.62,604.89,596.09,1196.70,3438800.00,,,,,
41710.00,595.97,601.67,589.88,1203.99,3943200.00,,,,,
41711.00,601.72,602.99,590.17,1185.80,4708600.00,,,,,
41712.00,588.79,593.21,584.08,1169.59,4604900.00,,,,,
41715.00,587.42,596.30,586.86,1188.84,4340300.00,,,,,
41716.00,595.10,603.50,594.30,1207.94,3643500.00,,,,,
41717.00,603.64,603.73,594.97,1195.97,3237800.00,,,,,
41718.00,597.73,602.55,595.45,1193.88,3381900.00,,,,,
41719.00,600.90,602.56,589.02,1179.80,6441000.00,,,,,
41722.00,589.88,590.24,570.84,1154.76,6096800.00,,,,,
41723.00,580.82,582.74,571.36,1155.55,4838400.00,,,,,
41724.00,578.84,583.60,563.64,1128.87,5179200.00,,,,,
41725.00,566.44,566.44,551.41,556.93,13100.00,,,,,
41726.00,559.66,564.88,557.14,558.46,41200.00,,,,,
41729.00,565.34,565.45,555.41,555.45,10800.00,,,,,
41730.00,557.18,566.89,557.18,565.61,7900.00,,,,,
41731.00,598.35,603.17,560.65,565.45,147100.00,,,,,
41732.00,568.29,585.67,562.59,568.18,5099100.00,,,,,
41733.00,573.08,576.19,541.51,541.65,6369300.00,,,,,
41736.00,539.26,546.98,525.71,536.68,4401600.00,,,,,
41737.00,541.11,553.48,540.13,553.38,3151200.00,,,,,
41738.00,558.09,563.82,551.44,562.60,3330800.00,,,,,
41739.00,563.45,563.45,538.42,539.47,4036800.00,,,,,
41740.00,531.09,538.52,525.09,529.15,3924800.00,,,,,
41743.00,536.78,542.61,528.11,531.06,2575000.00,,,,,
41744.00,535.35,536.98,517.04,534.97,3855000.00,,,,,
41745.00,541.51,555.47,538.52,555.02,4893200.00,,,,,
41746.00,547.31,548.00,529.70,534.63,6809500.00,,,,,
41750.00,534.63,535.23,524.16,527.17,2566700.00,,,,,
41751.00,527.19,535.76,526.07,533.35,2365300.00,,,,,
41752.00,532.33,532.41,524.81,525.50,2052300.00,,,,,
41753.00,528.62,530.19,520.69,523.72,1883100.00,,,,,
41754.00,521.08,523.26,514.01,514.77,2100300.00,,,,,
41757.00,515.76,517.18,501.42,515.73,3335500.00,,,,,
41758.00,515.48,528.01,514.91,526.26,2699000.00,,,,,
41759.00,526.16,526.55,521.09,525.22,1751100.00,,,,,
41760.00,525.67,531.47,522.45,529.90,1905500.00,,,,,
41761.00,532.30,532.54,524.17,526.48,1688500.00,,,,,
41764.00,523.38,527.45,519.89,526.36,1024100.00,,,,,
41765.00,523.79,525.37,513.65,513.73,1689000.00,,,,,
41766.00,514.38,515.27,501.92,508.56,3224300.00,,,,,
41767.00,507.07,515.81,505.06,509.60,2021300.00,,,,,
41768.00,509.35,518.48,502.82,517.31,2439400.00,,,,,
41771.00,522.08,528.74,517.59,528.47,1912500.00,,,,,
41772.00,529.44,534.60,528.06,531.63,1653400.00,,,,,
41773.00,531.54,531.54,523.85,525.21,1191700.00,,,,,
41774.00,524.26,524.43,516.00,518.56,1704300.00,,,,,
41775.00,519.96,520.37,514.03,519.20,1485200.00,,,,,
41778.00,518.28,528.33,516.17,527.41,1277700.00,,,,,
41779.00,528.29,534.76,524.86,528.32,1784700.00,,,,,
41780.00,531.44,537.71,530.45,537.46,1196200.00,,,,,
41781.00,539.65,546.10,539.30,543.57,1615800.00,,,,,
41782.00,545.76,552.12,542.21,551.19,1932100.00,,,,,
41786.00,554.48,564.45,552.83,564.40,2104100.00,,,,,
41787.00,563.02,566.29,559.46,560.14,1652000.00,,,,,
41788.00,561.81,562.46,557.18,558.55,1354100.00,,,,,
41789.00,559.26,559.81,554.39,558.36,1771100.00,,,,,
41792.00,559.16,559.36,544.24,552.41,1435000.00,,,,,
41793.00,549.48,550.83,541.06,543.45,1866600.00,,,,,
41794.00,540.02,547.11,537.27,543.17,1816400.00,,,,,
41795.00,544.90,553.43,542.96,552.38,1689100.00,,,,,
41796.00,556.53,556.53,547.43,554.81,1736700.00,,,,,
41799.00,555.62,561.36,554.52,560.58,1467500.00,,,,,
41800.00,558.98,562.06,556.37,559.02,1351700.00,,,,,
41801.00,556.47,558.35,553.50,557.31,1100100.00,,,,,
41802.00,555.77,556.46,546.96,549.84,1458400.00,,,,,
41803.00,550.75,550.79,544.07,550.25,1220500.00,,,,,
41806.00,547.76,548.12,540.04,542.79,1702500.00,,,,,
41807.00,542.71,543.83,537.85,541.52,1444500.00,,,,,
41808.00,543.37,552.04,542.51,551.85,1741700.00,,,,,
41809.00,552.72,553.48,547.01,553.38,2456800.00,,,,,
41810.00,555.33,556.05,548.89,554.84,4508300.00,,,,,
41813.00,553.63,563.45,552.73,563.40,1536800.00,,,,,
41814.00,563.64,571.08,559.47,563.07,2207100.00,,,,,
41815.00,563.71,578.37,563.67,577.07,1969300.00,,,,,
41816.00,579.41,580.86,570.28,574.42,1741900.00,,,,,
41817.00,575.60,578.28,572.23,575.66,2236900.00,,,,,
41820.00,577.08,577.98,573.18,573.70,1313700.00,,,,,
41821.00,576.74,582.80,575.07,581.07,1447900.00,,,,,
41822.00,581.75,583.84,578.80,580.74,1056300.00,,,,,
41823.00,581.75,583.41,579.33,583.13,714100.00,,,,,
41827.00,582.16,584.82,578.00,580.66,1064600.00,,,,,
41828.00,576.08,577.94,564.58,569.53,1909500.00,,,,,
41829.00,570.02,575.14,567.82,574.50,1116700.00,,,,,
41830.00,564.36,575.01,563.46,569.54,1356700.00,,,,,
41831.00,570.34,579.26,569.86,577.59,1621700.00,,,,,
41834.00,581.00,583.61,576.45,583.27,1854000.00,,,,,
41835.00,584.14,584.20,574.98,583.18,1623000.00,,,,,
41836.00,586.39,586.79,580.61,581.06,1397100.00,,,,,
41837.00,577.94,579.40,567.05,572.16,3016500.00,,,,,
41838.00,591.38,595.17,580.41,593.45,4014100.00,,,,,
41841.00,590.13,592.77,583.63,587.86,2062100.00,,,,,
41842.00,589.10,598.01,588.98,593.11,1699100.00,,,,,
41843.00,591.61,596.21,590.88,594.35,1233100.00,,,,,
41844.00,594.82,597.86,590.15,591.73,1035100.00,,,,,
41845.00,588.78,590.24,585.42,587.41,932400.00,,,,,
41848.00,586.46,590.88,583.15,588.98,986800.00,,,,,
41849.00,587.14,588.09,581.92,584.01,1349800.00,,,,,
41850.00,584.94,587.89,582.40,585.81,1016400.00,,,,,
41851.00,579.01,582.05,568.44,570.03,2102700.00,,,,,
41852.00,568.84,574.38,561.31,564.52,1955200.00,,,,,
41855.00,567.48,573.77,562.56,571.58,1427300.00,,,,,
41856.00,568.49,570.41,561.07,563.52,1551200.00,,,,,
41857.00,560.24,569.14,558.47,564.82,1334300.00,,,,,
41858.00,566.44,568.33,559.56,561.82,1110900.00,,,,,
41859.00,562.02,568.69,558.82,567.21,1494700.00,,,,,
41862.00,568.43,568.93,564.45,566.33,1214700.00,,,,,
41863.00,562.97,564.35,559.34,561.19,1542000.00,,,,,
41864.00,565.76,573.43,564.20,573.21,1439200.00,,,,,
41865.00,574.60,576.32,569.32,573.08,985400.00,,,,,
41866.00,576.28,577.79,568.96,571.91,1519100.00,,,,,
41869.00,574.53,582.91,574.42,580.57,1284100.00,,,,,
41870.00,583.40,585.73,582.40,585.25,978600.00,,,,,
41871.00,584.28,585.09,580.97,582.89,1036700.00,,,,,
41872.00,582.22,582.90,579.55,581.77,914800.00,,,,,
41873.00,581.99,583.63,579.05,580.96,789000.00,,,,,
41876.00,583.12,583.40,577.41,578.61,1361400.00,,,,,
41877.00,579.67,580.21,575.00,576.28,1639600.00,,,,,
41878.00,575.69,576.91,568.54,569.44,1703300.00,,,,,
41879.00,568.00,571.68,565.55,567.64,1292900.00,,,,,
41880.00,569.77,570.47,565.52,570.03,1083700.00,,,,,
41884.00,570.28,576.25,569.63,575.75,1578400.00,,,,,
41885.00,578.41,581.39,573.43,576.36,1215100.00,,,,,
41886.00,578.41,584.40,577.63,580.39,1458100.00,,,,,
41887.00,582.38,584.94,580.36,584.48,1632300.00,,,,,
41890.00,584.99,590.15,584.69,588.11,1431000.00,,,,,
41891.00,587.29,587.39,578.41,579.42,1287200.00,,,,,
41892.00,579.91,581.90,575.36,581.50,977300.00,,,,,
41893.00,578.77,580.22,574.68,579.76,1221000.00,,,,,
41894.00,579.41,580.05,572.89,574.04,1601600.00,,,,,
41897.00,571.37,573.38,566.65,571.53,1597500.00,,,,,
41898.00,571.19,579.91,571.09,578.36,1480300.00,,,,,
41899.00,578.42,585.91,577.19,583.17,1692800.00,,,,,
41900.00,585.39,587.93,583.40,587.66,1444500.00,,,,,
41901.00,589.88,594.85,587.89,594.45,3736600.00,,,,,
41904.00,592.19,592.32,581.86,585.76,1689500.00,,,,,
41905.00,585.24,585.24,579.41,579.54,1471400.00,,,,,
41906.00,579.87,588.02,578.93,586.38,1728100.00,,,,,
41907.00,585.94,586.37,572.61,573.49,1925900.00,,,,,
41908.00,574.48,577.66,573.09,575.52,1443600.00,,,,,
41911.00,570.18,576.61,569.61,574.78,1282400.00,,,,,
41912.00,575.35,578.26,571.28,575.78,1621700.00,,,,,
41913.00,574.43,576.00,565.46,566.71,1445400.00,,,,,
41914.00,565.76,570.34,561.78,568.52,1178400.00,,,,,
41915.00,571.48,575.64,570.93,573.70,1141700.00,,,,,
41918.00,577.22,579.41,572.87,575.77,1214600.00,,,,,
41919.00,572.83,573.69,562.20,562.20,1911300.00,,,,,
41920.00,564.02,572.31,555.96,570.93,1990800.00,,,,,
41921.00,569.62,569.93,557.53,559.34,2524800.00,,,,,
41922.00,556.19,563.58,542.56,543.00,3081900.00,,,,,
41925.00,543.50,548.00,531.64,531.75,2581600.00,,,,,
41926.00,537.42,545.69,531.71,536.47,2222500.00,,,,,
41927.00,529.56,531.34,516.88,528.58,3719300.00,,,,,
41928.00,517.58,527.98,513.59,523.07,3708500.00,,,,,
41929.00,525.81,529.53,507.14,509.77,5539300.00,,,,,
41932.00,508.06,520.33,506.71,519.41,2607500.00,,,,,
41933.00,523.75,525.35,517.69,525.10,2336200.00,,,,,
41934.00,528.44,538.32,527.35,531.25,2919200.00,,,,,
41935.00,537.84,545.72,534.38,542.49,2348800.00,,,,,
41936.00,542.87,543.39,534.32,538.30,1973100.00,,,,,
41939.00,535.56,542.92,535.56,539.29,1185300.00,,,,,
41940.00,541.51,547.48,540.14,547.40,1270900.00,,,,,
41941.00,548.49,552.67,545.48,547.83,1770500.00,,,,,
41942.00,547.45,551.29,542.02,548.80,1455600.00,,,,,
41943.00,557.82,558.04,553.23,557.55,2035000.00,,,,,
41946.00,553.98,556.37,551.72,553.70,1382200.00,,,,,
41947.00,551.49,553.98,547.80,552.59,1244200.00,,,,,
41948.00,555.28,555.28,542.56,544.43,2032200.00,,,,,
41949.00,544.01,545.39,539.49,540.56,1333200.00,,,,,
41950.00,544.71,544.71,537.20,539.53,1633700.00,,,,,
41953.00,539.98,548.09,539.54,545.99,1134600.00,,,,,
41954.00,546.99,550.43,544.80,548.78,965500.00,,,,,
41955.00,548.88,548.95,543.68,545.81,1129600.00,,,,,
41956.00,548.29,548.29,541.99,543.89,1339300.00,,,,,
41957.00,545.18,545.18,540.67,542.91,1289500.00,,,,,
41960.00,542.09,542.30,532.60,535.04,1726000.00,,,,,
41961.00,536.03,540.46,532.71,533.57,1962600.00,,,,,
41962.00,533.54,536.77,528.63,535.52,1392200.00,,,,,
41963.00,529.80,533.64,529.63,533.37,1563300.00,,,,,
41964.00,540.13,540.66,535.09,536.03,2224200.00,,,,,
41967.00,536.18,541.21,534.15,537.79,1706300.00,,,,,
41968.00,537.52,542.49,537.13,539.60,1789900.00,,,,,
41969.00,539.40,540.07,535.57,538.89,1522900.00,,,,,
41971.00,539.14,540.52,535.13,540.35,1148300.00,,,,,
41974.00,537.42,539.93,530.40,532.34,2115300.00,,,,,
41975.00,532.05,534.03,528.35,532.29,1526600.00,,,,,
41976.00,529.98,534.53,527.81,529.87,1277900.00,,,,,
41977.00,529.71,535.87,527.14,535.84,1392100.00,,,,,
41978.00,529.55,531.43,522.84,523.82,2565600.00,,,,,
41981.00,525.69,529.55,522.36,525.54,2329300.00,,,,,
41982.00,520.71,532.73,519.07,531.91,1871300.00,,,,,
41983.00,531.62,534.86,524.12,524.62,1712200.00,,,,,
41984.00,526.35,532.46,525.66,526.89,1610800.00,,,,,
41985.00,522.08,527.05,517.24,517.24,1994500.00,,,,,
41988.00,521.31,521.67,511.86,512.39,2813400.00,,,,,
41989.00,510.16,511.65,487.66,494.03,3964200.00,,,,,
41990.00,495.64,505.61,495.45,503.51,2883100.00,,,,,
41991.00,511.55,512.46,503.32,509.70,2926700.00,,,,,
41992.00,510.11,516.30,505.52,514.94,3690200.00,,,,,
41995.00,514.67,525.02,514.67,523.43,2723700.00,,,,,
41996.00,525.56,533.10,524.85,529.14,2197600.00,,,,,
41997.00,529.06,530.30,525.58,527.32,705900.00,,,,,
41999.00,527.32,532.79,525.87,532.57,1040500.00,,,,,
42002.00,530.73,534.01,528.56,528.88,2278500.00,,,,,
42003.00,526.64,529.70,525.69,528.97,876200.00,,,,,
42004.00,529.80,531.14,524.36,524.96,1368200.00,,,,,
42006.00,527.56,529.82,522.67,523.37,1447500.00,,,,,
42009.00,521.83,522.89,511.66,512.46,2059800.00,,,,,
42010.00,513.59,514.76,499.68,500.59,2899900.00,,,,,
42011.00,505.61,505.86,498.28,499.73,2065000.00,,,,,
42012.00,496.63,502.10,489.66,501.30,3353500.00,,,,,
42013.00,503.38,503.54,493.44,494.81,2071300.00,,,,,
42016.00,493.58,494.62,486.23,491.20,2326700.00,,,,,
42017.00,497.47,501.60,491.04,494.82,2370400.00,,,,,
42018.00,493.30,501.85,491.65,499.50,2215500.00,,,,,
42019.00,504.19,504.30,496.40,500.42,2715800.00,,,,,
42020.00,498.64,506.80,498.63,506.69,2298200.00,,,,,
42024.00,509.60,511.10,504.63,505.51,2232000.00,,,,,
42025.00,505.86,517.86,504.81,516.62,2268700.00,,,,,
42026.00,520.05,534.86,518.28,532.93,2676900.00,,,,,
42027.00,534.12,540.69,531.54,538.47,2281700.00,,,,,
42030.00,537.06,537.52,528.22,533.74,1543700.00,,,,,
42031.00,528.52,529.25,516.77,517.21,1904000.00,,,,,
42032.00,521.35,521.56,508.60,508.60,1683800.00,,,,,
42033.00,509.60,509.69,499.83,509.26,4186300.00,,,,,
42034.00,514.45,538.39,514.11,533.06,5606300.00,,,,,
42037.00,530.27,531.54,517.13,527.03,2849800.00,,,,,
42038.00,526.55,531.94,521.83,527.79,2038600.00,,,,,
42039.00,527.79,531.21,519.84,521.33,1663600.00,,,,,
42040.00,522.36,527.05,520.66,526.14,1849700.00,,,,,
42041.00,526.20,535.73,524.97,529.55,1763500.00,,,,,
42044.00,526.55,530.54,524.58,526.38,1267700.00,,,,,
42045.00,527.85,536.23,525.48,535.47,1749800.00,,,,,
42046.00,533.83,536.98,531.92,534.50,1377700.00,,,,,
42047.00,535.78,543.33,533.21,541.44,1620200.00,,,,,
42048.00,541.86,548.40,541.64,547.51,1900300.00,,,,,
42052.00,545.33,548.49,539.61,541.35,1616800.00,,,,,
42053.00,539.92,544.00,536.04,538.22,1453000.00,,,,,
42054.00,536.57,541.62,536.54,541.38,989100.00,,,,,
42055.00,541.64,542.26,534.33,537.47,1444300.00,,,,,
42058.00,534.58,534.97,527.96,530.45,1457800.00,,,,,
42059.00,528.55,535.32,526.80,534.62,1005000.00,,,,,
42060.00,534.43,544.72,533.98,542.38,1825900.00,,,,,
42061.00,541.72,554.62,540.02,553.96,2311500.00,,,,,
42062.00,552.72,563.16,551.39,556.87,2410100.00,,,,,
42065.00,559.00,570.58,557.22,569.78,2129600.00,,,,,
42066.00,568.89,573.81,564.97,572.07,1704700.00,,,,,
42067.00,570.30,575.53,566.45,571.80,1876800.00,,,,,
42068.00,573.45,576.33,571.84,573.75,1389600.00,,,,,
42069.00,573.31,575.10,565.21,566.13,1659100.00,,,,,
42072.00,565.31,568.71,561.99,567.29,1062100.00,,,,,
42073.00,562.71,563.30,553.21,553.49,1792300.00,,,,,
42074.00,553.62,556.61,549.17,549.67,1820700.00,,,,,
42075.00,551.99,554.85,548.95,553.99,1389600.00,,,,,
42076.00,551.98,556.87,542.73,545.82,1703500.00,,,,,
42079.00,549.44,555.33,544.51,552.99,1640900.00,,,,,
42080.00,550.20,552.28,546.50,549.33,1805500.00,,,,,
42081.00,550.99,558.25,545.50,557.97,2134500.00,,,,,
42082.00,557.86,559.26,554.62,556.46,1197200.00,,,,,
42083.00,560.11,560.18,557.52,558.83,2616800.00,,,,,
42086.00,558.90,560.82,554.31,557.28,1643800.00,,,,,
42087.00,561.02,573.02,559.67,568.63,2583200.00,,,,,
42088.00,568.94,570.69,557.21,557.26,2152200.00,,,,,
42089.00,556.06,557.37,549.14,553.65,1572600.00,,,,,
42090.00,551.49,553.76,546.63,546.84,1897400.00,,,,,
42093.00,550.11,551.95,546.67,550.52,1287500.00,,,,,
42094.00,548.49,553.19,545.22,546.50,1588000.00,,,,,
42095.00,547.10,549.63,538.02,541.07,1963000.00,,,,,
42096.00,539.37,539.37,532.39,534.06,1716300.00,,,,,
42100.00,530.76,536.94,528.12,535.30,1324400.00,,,,,
42101.00,536.61,541.20,534.53,535.55,1302800.00,,,,,
42102.00,536.91,542.36,536.91,540.13,1178500.00,,,,,
42103.00,539.55,540.47,534.02,539.30,1557800.00,,,,,
42104.00,540.81,540.81,535.84,538.53,1409400.00,,,,,
42107.00,536.94,542.57,535.84,537.69,1645300.00,,,,,
42108.00,534.78,536.10,526.65,528.94,2604100.00,,,,,
42109.00,527.25,533.27,521.79,531.07,2318800.00,,,,,
42110.00,528.45,534.12,528.16,532.34,1299800.00,,,,,
42111.00,527.21,528.39,519.58,522.62,2151800.00,,,,,
42114.00,524.16,534.62,523.06,533.91,1679200.00,,,,,
42115.00,536.04,537.91,532.21,532.51,1844700.00,,,,,
42116.00,532.94,539.60,530.29,537.89,1593500.00,,,,,
42117.00,539.52,549.45,538.75,545.50,4184800.00,,,,,
42118.00,564.55,569.58,555.72,563.51,4932500.00,,,,,
42121.00,563.39,565.95,553.20,555.37,2398000.00,,,,,
42122.00,554.64,556.02,550.37,553.68,1491000.00,,,,,
42123.00,550.47,553.68,546.91,549.08,1698800.00,,,,,
42124.00,547.87,548.59,535.05,537.34,2082200.00,,,,,
42125.00,538.43,539.54,532.10,537.90,1768200.00,,,,,
42128.00,538.53,544.07,535.06,540.78,1308000.00,,,,,
42129.00,538.21,539.74,530.39,530.80,1383100.00,,,,,
42130.00,531.24,532.38,521.09,524.22,1567000.00,,,,,
42131.00,523.99,533.46,521.75,530.70,1546300.00,,,,,
42132.00,536.65,541.15,525.00,538.22,1527600.00,,,,,
42135.00,538.37,541.98,535.40,535.70,905300.00,,,,,
42136.00,531.60,533.21,525.26,529.04,1634200.00,,,,,
42137.00,530.56,534.32,528.66,529.62,1252300.00,,,,,
42138.00,533.77,539.00,532.41,538.40,1403900.00,,,,,
42139.00,539.18,539.27,530.38,533.85,1971300.00,,,,,
42142.00,532.01,534.82,528.85,532.30,2003400.00,,,,,
42143.00,533.98,540.66,533.04,537.36,1966900.00,,,,,
42144.00,538.49,542.92,532.97,539.27,1430800.00,,,,,
42145.00,537.95,543.84,535.98,542.51,1462700.00,,,,,
42146.00,540.15,544.19,539.51,540.11,1176200.00,,,,,
42150.00,538.12,539.00,529.88,532.32,2406500.00,,,,,
42151.00,532.80,540.55,531.71,539.79,1525000.00,,,,,
42152.00,538.01,540.61,536.25,539.78,1029800.00,,,,,
42153.00,537.37,538.63,531.45,532.11,2597400.00,,,,,
42156.00,536.79,536.79,529.76,533.99,1904300.00,,,,,
42157.00,532.93,543.00,531.33,539.18,1939000.00,,,,,
42158.00,539.91,543.50,537.11,540.31,1714500.00,,,,,
42159.00,537.76,540.59,534.32,536.70,1348300.00,,,,,
42160.00,536.35,537.20,532.52,533.33,1388200.00,,,,,
42163.00,533.31,534.12,526.24,526.83,1520600.00,,,,,
42164.00,527.56,529.20,523.01,526.69,1455300.00,,,,,
42165.00,529.36,538.36,529.35,536.69,1815000.00,,,,,
42166.00,538.42,538.98,533.02,534.61,1217500.00,,,,,
42167.00,531.60,533.12,530.16,532.33,955800.00,,,,,
42170.00,528.00,528.30,524.00,527.20,1632700.00,,,,,
42171.00,528.40,529.64,525.56,528.15,1071800.00,,,,,
42172.00,529.37,530.98,525.10,529.26,1294200.00,,,,,
42173.00,531.00,538.15,530.79,536.73,1833100.00,,,,,
42174.00,537.21,538.25,533.01,536.69,1893500.00,,,,,
42177.00,539.59,543.74,537.53,538.19,1250300.00,,,,,
42178.00,539.64,541.50,535.25,540.48,1197500.00,,,,,
42179.00,540.00,540.00,535.66,537.84,1286600.00,,,,,
42180.00,538.87,540.90,535.23,535.23,1335700.00,,,,,
42181.00,537.26,537.76,531.35,531.69,2109100.00,,,,,
42184.00,525.01,528.61,520.54,521.52,1937800.00,,,,,
42185.00,526.02,526.25,520.50,520.51,2217200.00,,,,,
42186.00,524.73,525.69,518.23,521.84,1961000.00,,,,,
42187.00,521.08,524.65,521.08,523.40,1235900.00,,,,,
42191.00,519.50,525.25,519.00,522.86,1280500.00,,,,,
42192.00,523.13,526.18,515.18,525.02,1597200.00,,,,,
42193.00,521.05,522.73,516.11,516.83,1296700.00,,,,,
42194.00,523.12,523.77,520.35,520.68,1839400.00,,,,,
42195.00,526.29,532.56,525.55,530.13,1956700.00,,,,,
42198.00,532.88,547.11,532.40,546.55,2206500.00,,,,,
42199.00,546.76,565.85,546.71,561.10,3244100.00,,,,,
42200.00,560.13,566.50,556.79,560.22,1784600.00,,,,,
42201.00,565.12,580.68,565.00,579.85,4768300.00,,,,,
42202.00,649.00,674.47,645.00,672.93,11164900.00,,,,,
42205.00,659.24,668.88,653.01,663.02,5860900.00,,,,,
42206.00,655.21,673.00,654.30,662.30,3377200.00,,,,,
42207.00,660.89,678.64,659.00,662.10,3929300.00,,,,,
42208.00,661.27,663.63,641.00,644.28,3029100.00,,,,,
42209.00,647.00,648.17,622.52,623.56,3625700.00,,,,,
42212.00,621.00,634.30,620.50,627.26,2675400.00,,,,,
42213.00,632.83,632.83,623.31,628.00,1727300.00,,,,,
42214.00,628.80,633.36,622.65,631.93,1575100.00,,,,,
42215.00,630.00,635.22,622.05,632.59,1474200.00,,,,,
42216.00,631.38,632.91,625.50,625.61,1706100.00,,,,,
42219.00,625.34,633.06,625.34,631.21,1304500.00,,,,,
42220.00,628.42,634.81,627.16,629.25,1490900.00,,,,,
42221.00,634.33,647.86,633.16,643.78,2334300.00,,,,,
42222.00,645.00,645.38,632.25,642.68,1572600.00,,,,,
42223.00,640.23,642.68,629.71,635.30,1403900.00,,,,,
42226.00,639.48,643.44,631.25,633.73,1809200.00,,,,,
42227.00,669.20,674.90,654.27,660.78,5029200.00,,,,,
42228.00,663.08,665.00,652.29,659.56,2936700.00,,,,,
42229.00,659.32,664.50,651.66,656.45,1810700.00,,,,,
42230.00,655.01,659.85,652.66,657.12,1072100.00,,,,,
42233.00,656.80,661.38,651.24,660.87,1051700.00,,,,,
42234.00,661.90,664.00,653.46,656.13,1456100.00,,,,,
42235.00,656.60,667.00,654.19,660.90,2131600.00,,,,,
42236.00,655.46,662.99,642.90,646.83,2855300.00,,,,,
42237.00,639.78,640.05,612.33,612.48,4265200.00,,,,,
42240.00,573.00,599.33,565.05,589.61,5770300.00,,,,,
42241.00,614.91,617.45,581.11,582.06,3538000.00,,,,,
42242.00,610.35,631.71,599.05,628.62,4235900.00,,,,,
42243.00,639.40,643.59,622.00,637.61,3491300.00,,,,,
42244.00,632.82,636.88,624.56,630.38,1978700.00,,,,,
42247.00,627.54,635.80,617.68,618.25,2176700.00,,,,,
42248.00,602.36,612.86,594.10,597.79,3702100.00,,,,,
42249.00,605.59,614.34,599.71,614.34,2575600.00,,,,,
42250.00,617.00,619.71,602.82,606.25,1759600.00,,,,,
42251.00,600.00,603.47,595.25,600.70,2089000.00,,,,,
42255.00,612.49,616.31,604.12,614.66,2279500.00,,,,,
42256.00,621.22,626.52,609.60,612.72,1702100.00,,,,,
42257.00,613.10,624.16,611.43,621.35,1905300.00,,,,,
42258.00,619.75,625.78,617.42,625.77,1373500.00,,,,,
42261.00,625.70,625.86,619.43,623.24,1702300.00,,,,,
42262.00,626.70,638.70,623.78,635.14,2084400.00,,,,,
42263.00,635.47,637.95,632.32,635.98,1286500.00,,,,,
42264.00,637.79,650.90,635.02,642.90,2274700.00,,,,,
42265.00,636.79,640.00,627.02,629.25,5133400.00,,,,,
42268.00,634.40,636.49,625.94,635.44,1788500.00,,,,,
42269.00,627.00,627.55,615.43,622.69,2562900.00,,,,,
42270.00,622.05,628.93,620.00,622.36,1470900.00,,,,,
42271.00,616.64,627.32,612.40,625.80,2240100.00,,,,,
42272.00,629.77,629.77,611.00,611.97,2174000.00,,,,,
42275.00,610.34,614.60,589.38,594.89,3127700.00,,,,,
42276.00,597.28,605.00,590.22,594.97,2309500.00,,,,,
42277.00,603.28,608.76,600.73,608.42,2413400.00,,,,,
42278.00,608.37,612.09,599.85,611.29,1867600.00,,,,,
42279.00,607.20,627.34,603.13,626.91,2684800.00,,,,,
42282.00,632.00,643.01,627.00,641.47,1803600.00,,,,,
42283.00,638.84,649.25,636.53,645.44,2166300.00,,,,,
42284.00,649.24,650.61,632.15,642.36,2092700.00,,,,,
42285.00,641.36,644.45,625.56,639.16,2182100.00,,,,,
42286.00,640.00,645.99,635.32,643.61,1648700.00,,,,,
42289.00,642.09,648.50,639.01,646.67,1275200.00,,,,,
42290.00,643.15,657.81,643.15,652.30,1807700.00,,,,,
42291.00,653.21,659.39,648.85,651.16,1415500.00,,,,,
42292.00,654.66,663.13,654.46,661.74,1885700.00,,,,,
42293.00,664.11,664.97,657.20,662.20,1611100.00,,,,,
42296.00,661.18,666.82,659.58,666.10,1477300.00,,,,,
42297.00,664.04,664.72,644.20,650.28,2490000.00,,,,,
42298.00,654.15,655.87,641.73,642.61,1791100.00,,,,,
42299.00,646.70,657.80,644.01,651.79,4071000.00,,,,,
42300.00,727.50,730.00,701.50,702.00,6653900.00,,,,,
42303.00,701.55,719.15,701.26,712.78,2716600.00,,,,,
42304.00,707.38,713.62,704.55,708.49,2245800.00,,,,,
42305.00,707.33,712.98,703.08,712.95,2178900.00,,,,,
42306.00,710.50,718.26,710.01,716.92,1456000.00,,,,,
42307.00,715.73,718.00,710.05,710.81,1908800.00,,,,,
42310.00,711.06,721.62,705.85,721.11,1886300.00,,,,,
42311.00,718.86,724.65,714.72,722.16,1565400.00,,,,,
42312.00,722.00,733.10,721.90,728.11,1706700.00,,,,,
42313.00,729.47,739.48,729.47,731.25,1861600.00,,,,,
42314.00,731.50,735.41,727.01,733.76,1511600.00,,,,,
42317.00,730.20,734.71,719.43,724.89,2069800.00,,,,,
42318.00,724.40,730.59,718.50,728.32,1608000.00,,,,,
42319.00,732.46,741.00,730.23,735.40,1366400.00,,,,,
42320.00,731.00,737.80,728.65,731.23,1837200.00,,,,,
42321.00,729.17,731.15,716.73,717.00,2075500.00,,,,,
42324.00,715.60,729.49,711.33,728.96,1905900.00,,,,,
42325.00,729.29,731.84,723.03,725.30,1510900.00,,,,,
42326.00,727.58,741.41,727.00,740.00,1684300.00,,,,,
42327.00,738.74,742.00,737.43,738.41,1327100.00,,,,,
42328.00,746.53,757.92,743.00,756.60,2212300.00,,,,,
42331.00,757.45,762.71,751.82,755.98,1414500.00,,,,,
42332.00,752.00,755.28,737.63,748.28,2333100.00,,,,,
42333.00,748.14,752.00,746.06,748.15,1122100.00,,,,,
42335.00,748.46,753.41,747.49,750.26,838500.00,,,,,
42338.00,748.81,754.93,741.27,742.60,2097600.00,,,,,
42339.00,747.11,768.95,746.70,767.04,2134600.00,,,,,
42340.00,768.90,775.96,758.96,762.38,2230400.00,,,,,
42341.00,766.01,768.99,745.63,752.54,2590600.00,,,,,
42342.00,753.10,768.49,750.00,766.81,2757300.00,,,,,
42345.00,767.77,768.73,755.09,763.25,1812300.00,,,,,
42346.00,757.89,764.80,754.20,762.37,1829500.00,,,,,
42347.00,759.17,764.23,737.00,751.61,2700000.00,,,,,
42348.00,752.85,755.85,743.83,749.46,1984900.00,,,,,
42349.00,741.16,745.71,736.75,738.87,2224400.00,,,,,
42352.00,741.79,748.73,724.17,747.77,2412500.00,,,,,
42353.00,753.00,758.08,743.01,743.40,2666200.00,,,,,
42354.00,750.00,760.59,739.43,758.09,1993300.00,,,,,
42355.00,762.42,762.68,749.00,749.43,1553400.00,,,,,
42356.00,746.51,754.13,738.15,739.31,3148700.00,,,,,
42359.00,746.13,750.00,740.00,747.77,1525700.00,,,,,
42360.00,751.65,754.85,745.53,750.00,1365400.00,,,,,
42361.00,753.47,754.21,744.00,750.31,1565900.00,,,,,
42362.00,749.55,751.35,746.62,748.40,527200.00,,,,,
42366.00,752.92,762.99,749.52,762.51,1515300.00,,,,,
42367.00,766.69,779.98,766.43,776.60,1765000.00,,,,,
42368.00,776.60,777.60,766.90,771.00,1293300.00,,,,,
42369.00,769.50,769.50,758.34,758.88,1489600.00,,,,,
42373.00,743.00,744.06,731.26,741.84,3272800.00,,,,,
42374.00,746.45,752.00,738.64,742.58,1950700.00,,,,,
42375.00,730.00,747.18,728.92,743.62,1947000.00,,,,,
42376.00,730.31,738.50,719.06,726.39,2963700.00,,,,,
42377.00,731.45,733.23,713.00,714.47,2450900.00,,,,,
42380.00,716.61,718.85,703.54,716.03,2090600.00,,,,,
42381.00,721.68,728.75,717.32,726.07,2024500.00,,,,,
42382.00,730.85,734.74,698.61,700.56,2501700.00,,,,,
42383.00,705.38,721.92,689.10,714.72,2225800.00,,,,,
42384.00,692.29,706.74,685.37,694.45,3592400.00,,,,,
42388.00,703.30,709.98,693.41,701.79,2268100.00,,,,,
42389.00,688.61,706.85,673.26,698.45,3445000.00,,,,,
42390.00,702.18,719.19,694.46,706.59,2412200.00,,,,,
42391.00,723.60,728.13,720.12,725.25,2011800.00,,,,,
42394.00,723.58,729.68,710.01,711.67,1711700.00,,,,,
42395.00,713.85,718.28,706.48,713.04,1331700.00,,,,,
42396.00,713.67,718.23,694.39,699.99,2194200.00,,,,,
42397.00,722.22,733.69,712.35,730.96,2676400.00,,,,,
42398.00,731.53,744.99,726.80,742.95,3474300.00,,,,,
42401.00,750.46,757.86,743.27,752.00,5139200.00,,,,,
42402.00,784.50,789.87,764.65,764.65,6348100.00,,,,,
42403.00,770.22,774.50,720.50,726.95,6171000.00,,,,,
42404.00,722.81,727.00,701.86,708.01,5168700.00,,,,,
42405.00,703.87,703.99,680.15,683.57,5105700.00,,,,,
42408.00,667.85,684.03,663.06,682.74,4247400.00,,,,,
42409.00,672.32,699.90,668.77,678.11,3608900.00,,,,,
42410.00,686.86,701.31,682.13,684.12,2638000.00,,,,,
42411.00,675.00,689.35,668.87,683.11,3024000.00,,,,,
42412.00,690.26,693.75,678.60,682.40,2141400.00,,,,,
42416.00,692.98,698.00,685.05,691.00,2520000.00,,,,,
42417.00,698.09,709.75,691.38,708.40,2492600.00,,,,,
42418.00,710.00,712.35,696.03,697.35,1883200.00,,,,,
42419.00,695.03,703.08,694.05,700.91,1589300.00,,,,,
42422.00,707.45,713.24,702.51,706.46,1949800.00,,,,,
42423.00,701.45,708.40,693.58,695.85,2009300.00,,,,,
42424.00,688.92,700.00,680.78,699.56,1963600.00,,,,,
42425.00,700.01,705.98,690.59,705.75,1642200.00,,,,,
42426.00,708.58,713.43,700.86,705.07,2243500.00,,,,,
42429.00,700.32,710.89,697.68,697.77,2481100.00,,,,,
42430.00,703.62,718.81,699.77,718.81,2151400.00,,,,,
42431.00,719.00,720.00,712.00,718.85,1629000.00,,,,,
42432.00,718.68,719.45,706.02,712.42,1958000.00,,,,,
42433.00,714.99,716.49,706.02,710.89,1972100.00,,,,,
42436.00,706.90,708.09,686.90,695.16,2985100.00,,,,,
42437.00,688.59,703.79,685.34,693.97,2076300.00,,,,,
42438.00,698.47,705.68,694.00,705.24,1421500.00,,,,,
42439.00,708.12,716.44,703.36,712.82,2833500.00,,,,,
42440.00,720.00,726.92,717.13,726.82,1970800.00,,,,,
42443.00,726.81,735.50,725.15,730.49,1718300.00,,,,,
42444.00,726.92,732.29,724.77,728.33,1721000.00,,,,,
42445.00,726.37,737.47,724.51,736.09,1624400.00,,,,,
42446.00,736.45,743.07,736.00,737.78,1860800.00,,,,,
42447.00,741.86,742.00,731.83,737.60,2980700.00,,,,,
42450.00,736.50,742.50,733.52,742.09,1836500.00,,,,,
42451.00,737.46,745.00,737.46,740.75,1269700.00,,,,,
42452.00,742.36,745.72,736.15,738.06,1432100.00,,,,,
42453.00,732.01,737.75,731.00,735.30,1594900.00,,,,,
42457.00,736.79,738.99,732.50,733.53,1301300.00,,,,,
42458.00,734.59,747.25,728.76,744.77,1903800.00,,,,,
42459.00,750.10,757.88,748.74,750.53,1782400.00,,,,,
42460.00,749.25,750.85,740.94,744.95,1718800.00,,,,,
42461.00,738.60,750.34,737.00,749.91,1576700.00,,,,,
42464.00,750.06,752.80,742.43,745.29,1134200.00,,,,,
42465.00,738.00,742.80,735.37,737.80,1132300.00,,,,,
42466.00,735.77,746.24,735.56,745.69,1053700.00,,,,,
42467.00,745.37,747.00,736.28,740.28,1453200.00,,,,,
42468.00,743.97,745.45,735.55,739.15,1290800.00,,,,,
42471.00,743.02,745.00,736.05,736.10,1220100.00,,,,,
42472.00,738.00,743.83,731.01,743.09,1353000.00,,,,,
42473.00,749.16,754.38,744.26,751.72,1707100.00,,,,,
42474.00,754.01,757.31,752.71,753.20,1135300.00,,,,,
42475.00,753.98,761.00,752.69,759.00,1809300.00,,,,,
42478.00,760.46,768.05,757.30,766.61,1556000.00,,,,,
42479.00,769.51,769.90,749.33,753.93,2030500.00,,,,,
42480.00,758.00,758.13,750.01,752.67,1529200.00,,,,,
42481.00,755.38,760.45,749.55,759.14,3060500.00,,,,,
42482.00,726.30,736.12,713.61,718.77,5951900.00,,,,,
42485.00,716.10,723.93,715.59,723.15,1959200.00,,,,,
42486.00,725.42,725.77,703.03,708.14,2744600.00,,,,,
42487.00,707.29,708.98,692.36,705.84,3098600.00,,,,,
42488.00,708.26,714.17,689.55,691.02,2867300.00,,,,,
42489.00,690.70,697.62,689.00,693.01,2487700.00,,,,,
42492.00,697.63,700.64,691.00,698.21,1645300.00,,,,,
42493.00,696.87,697.84,692.00,692.36,1543800.00,,,,,
42494.00,690.49,699.75,689.01,695.70,1693500.00,,,,,
42495.00,697.70,702.32,695.72,701.43,1683500.00,,,,,
42496.00,698.38,711.86,698.11,711.12,1826100.00,,,,,
42499.00,712.00,718.71,710.00,712.90,1510300.00,,,,,
42500.00,716.75,723.50,715.72,723.18,1569600.00,,,,,
42501.00,723.41,724.48,712.80,715.29,1692100.00,,,,,
42502.00,717.06,719.25,709.00,713.31,1360700.00,,,,,
42503.00,711.93,716.66,709.26,710.83,1314500.00,,,,,
42506.00,709.13,718.48,705.65,716.49,1317100.00,,,,,
42507.00,715.99,721.52,704.11,706.23,2001200.00,,,,,
42508.00,703.67,711.60,700.63,706.63,1766800.00,,,,,
42509.00,702.36,706.00,696.80,700.32,1670200.00,,,,,
42510.00,701.62,714.58,700.52,709.74,1828400.00,,,,,
42513.00,706.53,711.48,704.18,704.24,1330700.00,,,,,
42514.00,706.86,720.97,706.86,720.09,1929500.00,,,,,
42515.00,720.76,727.51,719.71,725.27,1629200.00,,,,,
42516.00,722.87,728.33,720.28,724.12,1576300.00,,,,,
42517.00,724.01,733.94,724.00,732.66,1974000.00,,,,,
42521.00,731.74,739.73,731.26,735.72,2129500.00,,,,,
42522.00,734.53,737.21,730.66,734.15,1253600.00,,,,,
42523.00,732.50,733.02,724.17,730.40,1341800.00,,,,,
42524.00,729.27,729.49,720.56,722.34,1226300.00,,,,,
42527.00,724.91,724.91,714.61,716.55,1565300.00,,,,,
42528.00,719.84,721.98,716.55,716.65,1336200.00,,,,,
42529.00,723.96,728.57,720.58,728.28,1583700.00,,,,,
42530.00,722.87,729.54,722.34,728.58,988900.00,,,,,
42531.00,719.47,725.89,716.43,719.41,1216400.00,,,,,
42534.00,716.51,725.44,716.51,718.36,1258900.00,,,,,
42535.00,716.48,722.47,713.12,718.27,1306100.00,,,,,
42536.00,719.00,722.98,717.31,718.92,1214500.00,,,,,
42537.00,714.91,716.65,703.26,710.36,1982500.00,,,,,
42538.00,708.65,708.82,688.45,691.72,3402400.00,,,,,
42541.00,698.77,702.48,693.41,693.71,2082500.00,,,,,
42542.00,698.40,702.77,692.01,695.94,1465600.00,,,,,
42543.00,699.06,700.86,693.08,697.46,1184300.00,,,,,
42544.00,697.45,701.95,687.00,701.87,2171400.00,,,,,
42545.00,675.17,689.40,673.45,675.22,4449000.00,,,,,
42548.00,671.00,672.30,663.28,668.26,2629000.00,,,,,
42549.00,678.97,680.33,673.00,680.04,2173800.00,,,,,
42550.00,683.00,687.43,681.41,684.11,1932600.00,,,,,
42551.00,685.47,692.32,683.65,692.10,1597700.00,,,,,
42552.00,692.20,700.65,692.13,699.21,1344700.00,,,,,
42556.00,696.06,696.94,688.88,694.95,1462600.00,,,,,
42557.00,689.98,701.68,689.09,697.77,1411900.00,,,,,
42558.00,698.08,698.20,688.22,695.36,1304200.00,,,,,
42559.00,699.50,705.71,696.43,705.63,1575200.00,,,,,
42562.00,708.05,716.51,707.24,715.09,1111800.00,,,,,
42563.00,719.12,722.94,715.91,720.64,1336900.00,,,,,
42564.00,723.62,724.00,716.85,716.98,935900.00,,,,,
42565.00,721.58,722.21,718.03,720.95,950200.00,,,,,
42566.00,725.73,725.74,719.05,719.85,1279300.00,,,,,
42569.00,722.71,736.13,721.19,733.78,1295500.00,,,,,
42570.00,729.89,736.99,729.00,736.96,1227500.00,,,,,
42571.00,737.33,742.13,737.10,741.19,1289700.00,,,,,
42572.00,740.36,741.69,735.83,738.63,1026300.00,,,,,
42573.00,741.86,743.24,736.56,742.74,1259800.00,,,,,
42576.00,740.67,742.61,737.50,739.77,1032400.00,,,,,
42577.00,739.04,741.69,734.27,738.42,1186700.00,,,,,
42578.00,738.28,744.46,737.00,741.77,1512500.00,,,,,
42579.00,747.04,748.65,739.30,745.91,3530200.00,,,,,
42580.00,772.71,778.55,766.77,768.79,3841500.00,,,,,
42583.00,761.09,780.43,761.09,772.88,2700500.00,,,,,
42584.00,768.69,775.84,767.85,771.07,1784500.00,,,,,
42585.00,767.18,773.21,766.82,773.18,1287400.00,,,,,
42586.00,772.22,774.07,768.79,771.61,1140300.00,,,,,
42587.00,773.78,783.04,772.34,782.22,1801200.00,,,,,
42590.00,782.00,782.63,778.09,781.76,1107900.00,,,,,
42591.00,781.10,788.94,780.57,784.26,1318900.00,,,,,
42592.00,783.75,786.81,782.78,784.68,786400.00,,,,,
42593.00,785.00,789.75,782.97,784.85,975100.00,,,,,
42594.00,781.50,783.40,780.40,783.22,740500.00,,,,,
42597.00,783.75,787.49,780.11,782.44,938200.00,,,,,
42598.00,780.30,780.98,773.44,777.14,1028000.00,,,,,
42599.00,777.32,780.81,773.53,779.91,924200.00,,,,,
42600.00,780.01,782.86,777.00,777.50,719400.00,,,,,
42601.00,775.00,777.10,773.13,775.42,861500.00,,,,,
42604.00,773.27,774.54,770.05,772.15,951400.00,,,,,
42605.00,775.48,776.44,771.78,772.08,928200.00,,,,,
42606.00,770.58,774.50,767.07,769.64,1072000.00,,,,,
42607.00,767.00,771.89,763.18,769.41,926900.00,,,,,
42608.00,769.00,776.08,765.85,769.54,1166700.00,,,,,
42611.00,768.74,774.99,766.61,772.15,847600.00,,,,,
42612.00,769.33,774.47,766.84,769.09,1130000.00,,,,,
42613.00,767.01,769.09,765.38,767.05,1248600.00,,,,,
42614.00,769.25,771.02,764.30,768.78,925100.00,,,,,
42615.00,773.01,773.92,768.41,771.46,1072700.00,,,,,
42619.00,773.45,782.00,771.00,780.08,1442800.00,,,,,
42620.00,780.00,782.73,776.20,780.35,893700.00,,,,,
42621.00,778.59,780.35,773.58,775.32,1270300.00,,,,,
42622.00,770.10,773.24,759.66,759.66,1885500.00,,,,,
42625.00,755.13,770.29,754.00,769.02,1311000.00,,,,,
42626.00,764.48,766.22,755.80,759.69,1395000.00,,,,,
42627.00,759.61,767.68,759.11,762.49,1087400.00,,,,,
42628.00,762.89,773.80,759.96,771.76,1305100.00,,,,,
42629.00,769.75,769.75,764.66,768.88,2049300.00,,,,,
42632.00,772.42,774.00,764.44,765.70,1172800.00,,,,,
42633.00,769.00,773.33,768.53,771.41,978600.00,,,,,
42634.00,772.66,777.16,768.30,776.22,1167800.00,,,,,
42635.00,780.00,789.85,778.44,787.21,1486200.00,,,,,
42636.00,786.59,788.93,784.15,786.90,1411900.00,,,,,
42639.00,782.74,782.74,773.07,774.21,1533200.00,,,,,
42640.00,775.50,785.99,774.31,783.01,1153200.00,,,,,
42641.00,777.85,781.81,774.97,781.56,1109800.00,,,,,
42642.00,781.44,785.80,774.23,775.01,1314700.00,,,,,
42643.00,776.33,780.94,774.09,777.29,1585300.00,,,,,
42646.00,774.25,776.07,769.50,772.56,1278800.00,,,,,
42647.00,776.03,778.71,772.89,776.43,1201400.00,,,,,
42648.00,779.31,782.07,775.65,776.47,1461200.00,,,,,
42649.00,779.00,780.48,775.54,776.86,1070700.00,,,,,
42650.00,779.66,779.66,770.75,775.08,933200.00,,,,,
42653.00,777.71,789.38,775.87,785.94,1174900.00,,,,,
42654.00,786.66,792.28,780.58,783.07,1372500.00,,,,,
42655.00,783.76,788.13,782.06,786.14,937400.00,,,,,
42656.00,781.22,781.22,773.00,778.19,1365300.00,,,,,
42657.00,781.65,783.95,776.00,778.53,852500.00,,,,,
42660.00,779.80,785.85,777.50,779.96,1093000.00,,,,,
42661.00,787.85,801.61,785.57,795.26,2056900.00,,,,,
42662.00,798.24,804.60,798.03,801.50,1766800.00,,,,,
42663.00,803.30,803.97,796.03,796.97,1757500.00,,,,,
42664.00,795.00,799.50,794.00,799.37,1266200.00,,,,,
42667.00,804.90,815.18,804.82,813.11,1697500.00,,,,,
42668.00,816.68,816.68,805.14,807.67,1576400.00,,,,,
42669.00,806.34,806.98,796.32,799.07,1647700.00,,,,,
42670.00,801.00,803.49,791.50,795.35,2749200.00,,,,,
42671.00,808.35,815.49,793.59,795.37,4269900.00,,,,,
42674.00,795.47,796.86,784.00,784.54,2427300.00,,,,,
42675.00,782.89,789.49,775.54,783.61,2406400.00,,,,,
42676.00,778.20,781.65,763.45,768.70,1872400.00,,,,,
42677.00,767.25,769.95,759.03,762.13,1943200.00,,,,,
42678.00,750.66,770.36,750.56,762.02,2134800.00,,,,,
42681.00,774.50,785.19,772.55,782.52,1585100.00,,,,,
42682.00,783.40,795.63,780.19,790.51,1366900.00,,,,,
42683.00,779.94,791.23,771.67,785.31,2607100.00,,,,,
42684.00,791.17,791.17,752.18,762.56,4745200.00,,,,,
42685.00,756.54,760.78,750.38,754.02,2431800.00,,,,,
42688.00,755.60,757.85,727.54,736.08,3654400.00,,,,,
42689.00,746.97,764.42,746.97,758.49,2384000.00,,,,,
42690.00,755.20,766.36,750.51,764.48,1472600.00,,,,,
42691.00,766.92,772.70,764.23,771.23,1304000.00,,,,,
42692.00,771.37,775.00,760.00,760.54,1547100.00,,,,,
42695.00,762.61,769.70,760.60,769.20,1330600.00,,,,,
42696.00,772.63,776.96,767.00,768.27,1593100.00,,,,,
42697.00,767.73,768.28,755.25,760.99,1478400.00,,,,,
42699.00,764.26,765.00,760.52,761.68,587400.00,,,,,
42702.00,760.00,779.53,759.80,768.24,2188200.00,,,,,
42703.00,771.53,778.50,768.24,770.84,1616600.00,,,,,
42704.00,770.07,772.99,754.83,758.04,2392900.00,,,,,
42705.00,757.44,759.85,737.03,747.92,3017900.00,,,,,
42706.00,744.59,754.00,743.10,750.50,1452500.00,,,,,
42709.00,757.71,763.90,752.90,762.52,1394200.00,,,,,
42710.00,764.73,768.83,757.34,759.11,1690700.00,,,,,
42711.00,761.00,771.36,755.80,771.19,1761000.00,,,,,
42712.00,772.48,778.18,767.23,776.42,1488100.00,,,,,
42713.00,780.00,789.43,779.02,789.29,1821900.00,,,,,
42716.00,785.04,791.25,784.35,789.27,2104100.00,,,,,
42717.00,793.90,804.38,793.34,796.10,2145200.00,,,,,
42718.00,797.40,804.00,794.01,797.07,1704200.00,,,,,
42719.00,797.34,803.00,792.92,797.85,1626500.00,,,,,
42720.00,800.40,800.86,790.29,790.80,2443800.00,,,,,
42723.00,790.22,797.66,786.27,794.20,1232100.00,,,,,
42724.00,796.76,798.65,793.27,796.42,951000.00,,,,,
42725.00,795.84,796.68,787.10,794.56,1211300.00,,,,,
42726.00,792.36,793.32,788.58,791.26,972200.00,,,,,
42727.00,790.90,792.74,787.28,789.91,623400.00,,,,,
42731.00,790.68,797.86,787.66,791.55,789100.00,,,,,
42732.00,793.70,794.23,783.20,785.05,1153800.00,,,,,
42733.00,783.33,785.93,778.92,782.79,744300.00,,,,,
42734.00,782.75,782.78,770.41,771.82,1770000.00,,,,,
